/home/ringlayer/Desktop/convnet/darknet/datasets/cardboard/imagesframe1.jpg,11,8,87,115,cardboard
/home/ringlayer/Desktop/convnet/darknet/datasets/cardboard/imagesframe1.jpg,22,96,92,128,cardboard
/home/ringlayer/Desktop/convnet/darknet/datasets/cardboard/imagesframe10.jpg,116,25,127,72,cardboard
/home/ringlayer/Desktop/convnet/darknet/datasets/cardboard/imagesframe10.jpg,45,47,98,72,cardboard
/home/ringlayer/Desktop/convnet/darknet/datasets/cardboard/imagesframe10.jpg,49,1,89,57,cardboard
/home/ringlayer/Desktop/convnet/darknet/datasets/cardboard/imagesframe102.jpg,5,1,123,94,cardboard
/home/ringlayer/Desktop/convnet/darknet/datasets/cardboard/imagesframe103.jpg,8,5,119,123,cardboard
/home/ringlayer/Desktop/convnet/darknet/datasets/cardboard/imagesframe104.jpg,8,10,120,116,cardboard
/home/ringlayer/Desktop/convnet/darknet/datasets/cardboard/imagesframe105.jpg,23,1,110,83,cardboard
/home/ringlayer/Desktop/convnet/darknet/datasets/cardboard/imagesframe106.jpg,28,2,104,83,cardboard
/home/ringlayer/Desktop/convnet/darknet/datasets/cardboard/imagesframe107.jpg,18,1,68,62,cardboard
/home/ringlayer/Desktop/convnet/darknet/datasets/cardboard/imagesframe107.jpg,75,18,109,46,cardboard
/home/ringlayer/Desktop/convnet/darknet/datasets/cardboard/imagesframe108.jpg,8,20,123,108,cardboard
/home/ringlayer/Desktop/convnet/darknet/datasets/cardboard/imagesframe109.jpg,8,16,123,115,cardboard
/home/ringlayer/Desktop/convnet/darknet/datasets/cardboard/imagesframe11.jpg,43,1,73,28,cardboard
/home/ringlayer/Desktop/convnet/darknet/datasets/cardboard/imagesframe11.jpg,49,55,76,79,cardboard
/home/ringlayer/Desktop/convnet/darknet/datasets/cardboard/imagesframe11.jpg,64,19,84,46,cardboard
/home/ringlayer/Desktop/convnet/darknet/datasets/cardboard/imagesframe11.jpg,80,36,112,67,cardboard
/home/ringlayer/Desktop/convnet/darknet/datasets/cardboard/imagesframe111.jpg,12,13,126,126,cardboard
/home/ringlayer/Desktop/convnet/darknet/datasets/cardboard/imagesframe113.jpg,26,15,102,70,cardboard
/home/ringlayer/Desktop/convnet/darknet/datasets/cardboard/imagesframe114.jpg,7,14,125,95,cardboard
/home/ringlayer/Desktop/convnet/darknet/datasets/cardboard/imagesframe117.jpg,30,44,68,94,cardboard
/home/ringlayer/Desktop/convnet/darknet/datasets/cardboard/imagesframe118.jpg,20,23,97,77,cardboard
/home/ringlayer/Desktop/convnet/darknet/datasets/cardboard/imagesframe119.jpg,11,14,115,97,cardboard
/home/ringlayer/Desktop/convnet/darknet/datasets/cardboard/imagesframe12.jpg,105,28,128,68,cardboard
/home/ringlayer/Desktop/convnet/darknet/datasets/cardboard/imagesframe12.jpg,48,45,98,72,cardboard
/home/ringlayer/Desktop/convnet/darknet/datasets/cardboard/imagesframe12.jpg,51,9,85,53,cardboard
/home/ringlayer/Desktop/convnet/darknet/datasets/cardboard/imagesframe121.jpg,7,19,76,97,cardboard
/home/ringlayer/Desktop/convnet/darknet/datasets/cardboard/imagesframe122.jpg,14,4,107,79,cardboard
/home/ringlayer/Desktop/convnet/darknet/datasets/cardboard/imagesframe125.jpg,63,1,125,39,cardboard
/home/ringlayer/Desktop/convnet/darknet/datasets/cardboard/imagesframe125.jpg,7,29,116,81,cardboard
/home/ringlayer/Desktop/convnet/darknet/datasets/cardboard/imagesframe126.jpg,7,26,120,99,cardboard
/home/ringlayer/Desktop/convnet/darknet/datasets/cardboard/imagesframe127.jpg,4,7,127,100,cardboard
/home/ringlayer/Desktop/convnet/darknet/datasets/cardboard/imagesframe128.jpg,5,6,126,99,cardboard
/home/ringlayer/Desktop/convnet/darknet/datasets/cardboard/imagesframe129.jpg,15,29,106,97,cardboard
/home/ringlayer/Desktop/convnet/darknet/datasets/cardboard/imagesframe13.jpg,1,20,42,109,cardboard
/home/ringlayer/Desktop/convnet/darknet/datasets/cardboard/imagesframe13.jpg,26,28,112,89,cardboard
/home/ringlayer/Desktop/convnet/darknet/datasets/cardboard/imagesframe130.jpg,8,22,116,104,cardboard
/home/ringlayer/Desktop/convnet/darknet/datasets/cardboard/imagesframe131.jpg,3,12,128,73,cardboard
/home/ringlayer/Desktop/convnet/darknet/datasets/cardboard/imagesframe132.jpg,3,26,125,80,cardboard
/home/ringlayer/Desktop/convnet/darknet/datasets/cardboard/imagesframe133.jpg,22,35,108,79,cardboard
/home/ringlayer/Desktop/convnet/darknet/datasets/cardboard/imagesframe133.jpg,6,5,69,55,cardboard
/home/ringlayer/Desktop/convnet/darknet/datasets/cardboard/imagesframe133.jpg,67,3,128,53,cardboard
/home/ringlayer/Desktop/convnet/darknet/datasets/cardboard/imagesframe134.jpg,14,11,121,73,cardboard
/home/ringlayer/Desktop/convnet/darknet/datasets/cardboard/imagesframe135.jpg,10,1,111,96,cardboard
/home/ringlayer/Desktop/convnet/darknet/datasets/cardboard/imagesframe136.jpg,18,18,102,78,cardboard
/home/ringlayer/Desktop/convnet/darknet/datasets/cardboard/imagesframe137.jpg,17,5,111,92,cardboard
/home/ringlayer/Desktop/convnet/darknet/datasets/cardboard/imagesframe138.jpg,24,4,113,67,cardboard
/home/ringlayer/Desktop/convnet/darknet/datasets/cardboard/imagesframe14.jpg,105,28,128,69,cardboard
/home/ringlayer/Desktop/convnet/darknet/datasets/cardboard/imagesframe14.jpg,48,44,98,72,cardboard
/home/ringlayer/Desktop/convnet/darknet/datasets/cardboard/imagesframe14.jpg,52,8,84,53,cardboard
/home/ringlayer/Desktop/convnet/darknet/datasets/cardboard/imagesframe140.jpg,16,3,120,123,cardboard
/home/ringlayer/Desktop/convnet/darknet/datasets/cardboard/imagesframe141.jpg,3,16,95,98,cardboard
/home/ringlayer/Desktop/convnet/darknet/datasets/cardboard/imagesframe142.jpg,5,1,124,75,cardboard
/home/ringlayer/Desktop/convnet/darknet/datasets/cardboard/imagesframe143.jpg,21,1,128,86,cardboard
/home/ringlayer/Desktop/convnet/darknet/datasets/cardboard/imagesframe146.jpg,1,4,128,123,cardboard
/home/ringlayer/Desktop/convnet/darknet/datasets/cardboard/imagesframe151.jpg,21,13,103,75,cardboard
/home/ringlayer/Desktop/convnet/darknet/datasets/cardboard/imagesframe154.jpg,33,35,86,74,cardboard
/home/ringlayer/Desktop/convnet/darknet/datasets/cardboard/imagesframe155.jpg,13,7,66,86,cardboard
/home/ringlayer/Desktop/convnet/darknet/datasets/cardboard/imagesframe155.jpg,65,20,100,86,cardboard
/home/ringlayer/Desktop/convnet/darknet/datasets/cardboard/imagesframe156.jpg,27,43,97,94,cardboard
/home/ringlayer/Desktop/convnet/darknet/datasets/cardboard/imagesframe156.jpg,34,10,63,43,cardboard
/home/ringlayer/Desktop/convnet/darknet/datasets/cardboard/imagesframe157.jpg,6,30,122,100,cardboard
/home/ringlayer/Desktop/convnet/darknet/datasets/cardboard/imagesframe159.jpg,22,10,104,85,cardboard
/home/ringlayer/Desktop/convnet/darknet/datasets/cardboard/imagesframe16.jpg,33,79,72,128,cardboard
/home/ringlayer/Desktop/convnet/darknet/datasets/cardboard/imagesframe16.jpg,36,16,61,94,cardboard
/home/ringlayer/Desktop/convnet/darknet/datasets/cardboard/imagesframe16.jpg,75,49,92,122,cardboard
/home/ringlayer/Desktop/convnet/darknet/datasets/cardboard/imagesframe161.jpg,20,12,107,89,cardboard
/home/ringlayer/Desktop/convnet/darknet/datasets/cardboard/imagesframe163.jpg,9,31,122,114,cardboard
/home/ringlayer/Desktop/convnet/darknet/datasets/cardboard/imagesframe164.jpg,15,29,112,99,cardboard
/home/ringlayer/Desktop/convnet/darknet/datasets/cardboard/imagesframe166.jpg,5,11,122,122,cardboard
/home/ringlayer/Desktop/convnet/darknet/datasets/cardboard/imagesframe167.jpg,20,31,105,96,cardboard
/home/ringlayer/Desktop/convnet/darknet/datasets/cardboard/imagesframe168.jpg,16,35,111,98,cardboard
/home/ringlayer/Desktop/convnet/darknet/datasets/cardboard/imagesframe17.jpg,14,9,67,104,cardboard
/home/ringlayer/Desktop/convnet/darknet/datasets/cardboard/imagesframe171.jpg,7,15,110,114,cardboard
/home/ringlayer/Desktop/convnet/darknet/datasets/cardboard/imagesframe172.jpg,7,26,121,101,cardboard
/home/ringlayer/Desktop/convnet/darknet/datasets/cardboard/imagesframe175.jpg,22,13,108,70,cardboard
/home/ringlayer/Desktop/convnet/darknet/datasets/cardboard/imagesframe176.jpg,25,39,79,103,cardboard
/home/ringlayer/Desktop/convnet/darknet/datasets/cardboard/imagesframe181.jpg,19,14,113,79,cardboard
/home/ringlayer/Desktop/convnet/darknet/datasets/cardboard/imagesframe182.jpg,9,14,89,102,cardboard
/home/ringlayer/Desktop/convnet/darknet/datasets/cardboard/imagesframe184.jpg,15,15,114,87,cardboard
/home/ringlayer/Desktop/convnet/darknet/datasets/cardboard/imagesframe186.jpg,9,14,94,64,cardboard
/home/ringlayer/Desktop/convnet/darknet/datasets/cardboard/imagesframe187.jpg,15,73,70,116,cardboard
/home/ringlayer/Desktop/convnet/darknet/datasets/cardboard/imagesframe187.jpg,3,10,53,64,cardboard
/home/ringlayer/Desktop/convnet/darknet/datasets/cardboard/imagesframe188.jpg,25,47,76,92,cardboard
/home/ringlayer/Desktop/convnet/darknet/datasets/cardboard/imagesframe189.jpg,18,18,61,95,cardboard
/home/ringlayer/Desktop/convnet/darknet/datasets/cardboard/imagesframe19.jpg,16,1,88,30,cardboard
/home/ringlayer/Desktop/convnet/darknet/datasets/cardboard/imagesframe19.jpg,4,3,122,72,cardboard
/home/ringlayer/Desktop/convnet/darknet/datasets/cardboard/imagesframe190.jpg,18,29,110,98,cardboard
/home/ringlayer/Desktop/convnet/darknet/datasets/cardboard/imagesframe191.jpg,30,10,90,56,cardboard
/home/ringlayer/Desktop/convnet/darknet/datasets/cardboard/imagesframe191.jpg,36,28,100,74,cardboard
/home/ringlayer/Desktop/convnet/darknet/datasets/cardboard/imagesframe194.jpg,2,8,127,113,cardboard
/home/ringlayer/Desktop/convnet/darknet/datasets/cardboard/imagesframe195.jpg,17,31,110,81,cardboard
/home/ringlayer/Desktop/convnet/darknet/datasets/cardboard/imagesframe196.jpg,15,25,48,65,cardboard
/home/ringlayer/Desktop/convnet/darknet/datasets/cardboard/imagesframe196.jpg,30,65,70,105,cardboard
/home/ringlayer/Desktop/convnet/darknet/datasets/cardboard/imagesframe196.jpg,71,39,119,85,cardboard
/home/ringlayer/Desktop/convnet/darknet/datasets/cardboard/imagesframe196.jpg,73,9,114,47,cardboard
/home/ringlayer/Desktop/convnet/darknet/datasets/cardboard/imagesframe197.jpg,10,13,45,59,cardboard
/home/ringlayer/Desktop/convnet/darknet/datasets/cardboard/imagesframe197.jpg,18,65,56,101,cardboard
/home/ringlayer/Desktop/convnet/darknet/datasets/cardboard/imagesframe197.jpg,67,28,98,64,cardboard
/home/ringlayer/Desktop/convnet/darknet/datasets/cardboard/imagesframe197.jpg,69,75,113,115,cardboard
/home/ringlayer/Desktop/convnet/darknet/datasets/cardboard/imagesframe198.jpg,14,1,53,38,cardboard
/home/ringlayer/Desktop/convnet/darknet/datasets/cardboard/imagesframe198.jpg,4,76,47,120,cardboard
/home/ringlayer/Desktop/convnet/darknet/datasets/cardboard/imagesframe198.jpg,56,81,101,123,cardboard
/home/ringlayer/Desktop/convnet/darknet/datasets/cardboard/imagesframe198.jpg,64,27,98,63,cardboard
/home/ringlayer/Desktop/convnet/darknet/datasets/cardboard/imagesframe199.jpg,36,1,68,32,cardboard
/home/ringlayer/Desktop/convnet/darknet/datasets/cardboard/imagesframe199.jpg,40,59,70,84,cardboard
/home/ringlayer/Desktop/convnet/darknet/datasets/cardboard/imagesframe199.jpg,58,21,79,52,cardboard
/home/ringlayer/Desktop/convnet/darknet/datasets/cardboard/imagesframe199.jpg,75,40,111,72,cardboard
/home/ringlayer/Desktop/convnet/darknet/datasets/cardboard/imagesframe2.jpg,28,32,97,92,cardboard
/home/ringlayer/Desktop/convnet/darknet/datasets/cardboard/imagesframe20.jpg,21,1,111,37,cardboard
/home/ringlayer/Desktop/convnet/darknet/datasets/cardboard/imagesframe20.jpg,30,6,110,114,cardboard
/home/ringlayer/Desktop/convnet/darknet/datasets/cardboard/imagesframe200.jpg,61,57,126,92,cardboard
/home/ringlayer/Desktop/convnet/darknet/datasets/cardboard/imagesframe200.jpg,66,11,107,68,cardboard
/home/ringlayer/Desktop/convnet/darknet/datasets/cardboard/imagesframe202.jpg,28,35,95,92,cardboard
/home/ringlayer/Desktop/convnet/darknet/datasets/cardboard/imagesframe203.jpg,11,8,109,118,cardboard
/home/ringlayer/Desktop/convnet/darknet/datasets/cardboard/imagesframe206.jpg,1,35,47,125,cardboard
/home/ringlayer/Desktop/convnet/darknet/datasets/cardboard/imagesframe206.jpg,33,43,111,98,cardboard
/home/ringlayer/Desktop/convnet/darknet/datasets/cardboard/imagesframe208.jpg,13,15,69,93,cardboard
/home/ringlayer/Desktop/convnet/darknet/datasets/cardboard/imagesframe208.jpg,7,78,97,128,cardboard
/home/ringlayer/Desktop/convnet/darknet/datasets/cardboard/imagesframe209.jpg,104,27,128,69,cardboard
/home/ringlayer/Desktop/convnet/darknet/datasets/cardboard/imagesframe209.jpg,48,42,99,72,cardboard
/home/ringlayer/Desktop/convnet/darknet/datasets/cardboard/imagesframe209.jpg,52,8,84,53,cardboard
/home/ringlayer/Desktop/convnet/darknet/datasets/cardboard/imagesframe21.jpg,21,12,102,87,cardboard
/home/ringlayer/Desktop/convnet/darknet/datasets/cardboard/imagesframe211.jpg,11,10,73,118,cardboard
/home/ringlayer/Desktop/convnet/darknet/datasets/cardboard/imagesframe212.jpg,11,13,83,115,cardboard
/home/ringlayer/Desktop/convnet/darknet/datasets/cardboard/imagesframe213.jpg,22,34,68,117,cardboard
/home/ringlayer/Desktop/convnet/darknet/datasets/cardboard/imagesframe214.jpg,21,1,119,55,cardboard
/home/ringlayer/Desktop/convnet/darknet/datasets/cardboard/imagesframe217.jpg,28,8,104,82,cardboard
/home/ringlayer/Desktop/convnet/darknet/datasets/cardboard/imagesframe218.jpg,1,70,95,127,cardboard
/home/ringlayer/Desktop/convnet/darknet/datasets/cardboard/imagesframe218.jpg,7,2,71,88,cardboard
/home/ringlayer/Desktop/convnet/darknet/datasets/cardboard/imagesframe22.jpg,20,7,119,96,cardboard
/home/ringlayer/Desktop/convnet/darknet/datasets/cardboard/imagesframe22.jpg,39,1,112,22,cardboard
/home/ringlayer/Desktop/convnet/darknet/datasets/cardboard/imagesframe220.jpg,110,23,128,69,cardboard
/home/ringlayer/Desktop/convnet/darknet/datasets/cardboard/imagesframe220.jpg,43,48,96,72,cardboard
/home/ringlayer/Desktop/convnet/darknet/datasets/cardboard/imagesframe220.jpg,46,1,82,50,cardboard
/home/ringlayer/Desktop/convnet/darknet/datasets/cardboard/imagesframe221.jpg,30,1,108,105,cardboard
/home/ringlayer/Desktop/convnet/darknet/datasets/cardboard/imagesframe222.jpg,12,1,106,120,cardboard
/home/ringlayer/Desktop/convnet/darknet/datasets/cardboard/imagesframe223.jpg,63,2,117,71,cardboard
/home/ringlayer/Desktop/convnet/darknet/datasets/cardboard/imagesframe226.jpg,35,4,94,82,cardboard
/home/ringlayer/Desktop/convnet/darknet/datasets/cardboard/imagesframe226.jpg,35,81,116,120,cardboard
/home/ringlayer/Desktop/convnet/darknet/datasets/cardboard/imagesframe227.jpg,15,1,108,125,cardboard
/home/ringlayer/Desktop/convnet/darknet/datasets/cardboard/imagesframe228.jpg,31,35,91,115,cardboard
/home/ringlayer/Desktop/convnet/darknet/datasets/cardboard/imagesframe228.jpg,6,1,102,56,cardboard
/home/ringlayer/Desktop/convnet/darknet/datasets/cardboard/imagesframe229.jpg,2,2,99,90,cardboard
/home/ringlayer/Desktop/convnet/darknet/datasets/cardboard/imagesframe23.jpg,23,22,92,107,cardboard
/home/ringlayer/Desktop/convnet/darknet/datasets/cardboard/imagesframe230.jpg,2,3,71,65,cardboard
/home/ringlayer/Desktop/convnet/darknet/datasets/cardboard/imagesframe230.jpg,4,54,66,112,cardboard
/home/ringlayer/Desktop/convnet/darknet/datasets/cardboard/imagesframe231.jpg,22,10,98,98,cardboard
/home/ringlayer/Desktop/convnet/darknet/datasets/cardboard/imagesframe232.jpg,18,1,125,114,cardboard
/home/ringlayer/Desktop/convnet/darknet/datasets/cardboard/imagesframe233.jpg,10,41,43,84,cardboard
/home/ringlayer/Desktop/convnet/darknet/datasets/cardboard/imagesframe233.jpg,26,1,66,41,cardboard
/home/ringlayer/Desktop/convnet/darknet/datasets/cardboard/imagesframe233.jpg,67,22,117,67,cardboard
/home/ringlayer/Desktop/convnet/darknet/datasets/cardboard/imagesframe233.jpg,70,58,112,99,cardboard
/home/ringlayer/Desktop/convnet/darknet/datasets/cardboard/imagesframe234.jpg,30,41,95,124,cardboard
/home/ringlayer/Desktop/convnet/darknet/datasets/cardboard/imagesframe234.jpg,8,1,94,42,cardboard
/home/ringlayer/Desktop/convnet/darknet/datasets/cardboard/imagesframe236.jpg,2,1,66,34,cardboard
/home/ringlayer/Desktop/convnet/darknet/datasets/cardboard/imagesframe236.jpg,22,24,61,81,cardboard
/home/ringlayer/Desktop/convnet/darknet/datasets/cardboard/imagesframe238.jpg,9,6,90,90,cardboard
/home/ringlayer/Desktop/convnet/darknet/datasets/cardboard/imagesframe239.jpg,23,14,113,101,cardboard
/home/ringlayer/Desktop/convnet/darknet/datasets/cardboard/imagesframe24.jpg,9,13,104,114,cardboard
/home/ringlayer/Desktop/convnet/darknet/datasets/cardboard/imagesframe241.jpg,14,5,66,54,cardboard
/home/ringlayer/Desktop/convnet/darknet/datasets/cardboard/imagesframe241.jpg,76,10,126,60,cardboard
/home/ringlayer/Desktop/convnet/darknet/datasets/cardboard/imagesframe243.jpg,6,2,58,72,cardboard
/home/ringlayer/Desktop/convnet/darknet/datasets/cardboard/imagesframe246.jpg,2,1,100,127,cardboard
/home/ringlayer/Desktop/convnet/darknet/datasets/cardboard/imagesframe247.jpg,3,1,99,123,cardboard
/home/ringlayer/Desktop/convnet/darknet/datasets/cardboard/imagesframe249.jpg,1,4,23,45,cardboard
/home/ringlayer/Desktop/convnet/darknet/datasets/cardboard/imagesframe249.jpg,29,1,82,30,cardboard
/home/ringlayer/Desktop/convnet/darknet/datasets/cardboard/imagesframe249.jpg,44,19,78,65,cardboard
/home/ringlayer/Desktop/convnet/darknet/datasets/cardboard/imagesframe25.jpg,110,6,128,50,cardboard
/home/ringlayer/Desktop/convnet/darknet/datasets/cardboard/imagesframe25.jpg,40,1,96,28,cardboard
/home/ringlayer/Desktop/convnet/darknet/datasets/cardboard/imagesframe25.jpg,46,20,84,72,cardboard
/home/ringlayer/Desktop/convnet/darknet/datasets/cardboard/imagesframe250.jpg,6,20,103,105,cardboard
/home/ringlayer/Desktop/convnet/darknet/datasets/cardboard/imagesframe251.jpg,9,23,116,103,cardboard
/home/ringlayer/Desktop/convnet/darknet/datasets/cardboard/imagesframe253.jpg,13,17,104,90,cardboard
/home/ringlayer/Desktop/convnet/darknet/datasets/cardboard/imagesframe254.jpg,11,2,101,63,cardboard
/home/ringlayer/Desktop/convnet/darknet/datasets/cardboard/imagesframe255.jpg,12,25,116,106,cardboard
/home/ringlayer/Desktop/convnet/darknet/datasets/cardboard/imagesframe259.jpg,18,2,96,82,cardboard
/home/ringlayer/Desktop/convnet/darknet/datasets/cardboard/imagesframe260.jpg,7,19,76,96,cardboard
/home/ringlayer/Desktop/convnet/darknet/datasets/cardboard/imagesframe264.jpg,78,12,112,65,cardboard
/home/ringlayer/Desktop/convnet/darknet/datasets/cardboard/imagesframe265.jpg,13,5,65,88,cardboard
/home/ringlayer/Desktop/convnet/darknet/datasets/cardboard/imagesframe265.jpg,61,50,112,122,cardboard
/home/ringlayer/Desktop/convnet/darknet/datasets/cardboard/imagesframe266.jpg,11,21,46,66,cardboard
/home/ringlayer/Desktop/convnet/darknet/datasets/cardboard/imagesframe266.jpg,19,54,84,114,cardboard
/home/ringlayer/Desktop/convnet/darknet/datasets/cardboard/imagesframe266.jpg,33,7,106,69,cardboard
/home/ringlayer/Desktop/convnet/darknet/datasets/cardboard/imagesframe267.jpg,35,25,97,103,cardboard
/home/ringlayer/Desktop/convnet/darknet/datasets/cardboard/imagesframe267.jpg,9,2,56,63,cardboard
/home/ringlayer/Desktop/convnet/darknet/datasets/cardboard/imagesframe269.jpg,21,11,107,93,cardboard
/home/ringlayer/Desktop/convnet/darknet/datasets/cardboard/imagesframe27.jpg,1,26,20,70,cardboard
/home/ringlayer/Desktop/convnet/darknet/datasets/cardboard/imagesframe27.jpg,33,51,80,72,cardboard
/home/ringlayer/Desktop/convnet/darknet/datasets/cardboard/imagesframe27.jpg,44,1,82,51,cardboard
/home/ringlayer/Desktop/convnet/darknet/datasets/cardboard/imagesframe271.jpg,38,10,87,43,cardboard
/home/ringlayer/Desktop/convnet/darknet/datasets/cardboard/imagesframe274.jpg,32,17,118,72,cardboard
/home/ringlayer/Desktop/convnet/darknet/datasets/cardboard/imagesframe275.jpg,9,28,105,81,cardboard
/home/ringlayer/Desktop/convnet/darknet/datasets/cardboard/imagesframe277.jpg,14,39,78,94,cardboard
/home/ringlayer/Desktop/convnet/darknet/datasets/cardboard/imagesframe278.jpg,13,30,77,90,cardboard
/home/ringlayer/Desktop/convnet/darknet/datasets/cardboard/imagesframe28.jpg,107,26,128,69,cardboard
/home/ringlayer/Desktop/convnet/darknet/datasets/cardboard/imagesframe28.jpg,45,1,83,49,cardboard
/home/ringlayer/Desktop/convnet/darknet/datasets/cardboard/imagesframe28.jpg,47,51,94,72,cardboard
/home/ringlayer/Desktop/convnet/darknet/datasets/cardboard/imagesframe280.jpg,26,16,109,85,cardboard
/home/ringlayer/Desktop/convnet/darknet/datasets/cardboard/imagesframe284.jpg,18,13,117,90,cardboard
/home/ringlayer/Desktop/convnet/darknet/datasets/cardboard/imagesframe285.jpg,14,11,120,72,cardboard
/home/ringlayer/Desktop/convnet/darknet/datasets/cardboard/imagesframe287.jpg,2,39,95,102,cardboard
/home/ringlayer/Desktop/convnet/darknet/datasets/cardboard/imagesframe288.jpg,6,29,96,108,cardboard
/home/ringlayer/Desktop/convnet/darknet/datasets/cardboard/imagesframe29.jpg,106,2,128,47,cardboard
/home/ringlayer/Desktop/convnet/darknet/datasets/cardboard/imagesframe29.jpg,44,22,83,72,cardboard
/home/ringlayer/Desktop/convnet/darknet/datasets/cardboard/imagesframe29.jpg,47,1,94,22,cardboard
/home/ringlayer/Desktop/convnet/darknet/datasets/cardboard/imagesframe290.jpg,1,28,96,107,cardboard
/home/ringlayer/Desktop/convnet/darknet/datasets/cardboard/imagesframe294.jpg,1,3,123,83,cardboard
/home/ringlayer/Desktop/convnet/darknet/datasets/cardboard/imagesframe296.jpg,15,18,93,94,cardboard
/home/ringlayer/Desktop/convnet/darknet/datasets/cardboard/imagesframe3.jpg,10,30,108,99,cardboard
/home/ringlayer/Desktop/convnet/darknet/datasets/cardboard/imagesframe30.jpg,1,25,23,68,cardboard
/home/ringlayer/Desktop/convnet/darknet/datasets/cardboard/imagesframe30.jpg,32,49,80,72,cardboard
/home/ringlayer/Desktop/convnet/darknet/datasets/cardboard/imagesframe30.jpg,45,1,82,50,cardboard
/home/ringlayer/Desktop/convnet/darknet/datasets/cardboard/imagesframe304.jpg,27,42,100,77,cardboard
/home/ringlayer/Desktop/convnet/darknet/datasets/cardboard/imagesframe305.jpg,15,8,116,61,cardboard
/home/ringlayer/Desktop/convnet/darknet/datasets/cardboard/imagesframe306.jpg,15,32,106,82,cardboard
/home/ringlayer/Desktop/convnet/darknet/datasets/cardboard/imagesframe309.jpg,36,11,102,62,cardboard
/home/ringlayer/Desktop/convnet/darknet/datasets/cardboard/imagesframe31.jpg,1,45,50,82,cardboard
/home/ringlayer/Desktop/convnet/darknet/datasets/cardboard/imagesframe31.jpg,25,1,67,23,cardboard
/home/ringlayer/Desktop/convnet/darknet/datasets/cardboard/imagesframe31.jpg,49,31,72,80,cardboard
/home/ringlayer/Desktop/convnet/darknet/datasets/cardboard/imagesframe316.jpg,35,24,106,65,cardboard
/home/ringlayer/Desktop/convnet/darknet/datasets/cardboard/imagesframe32.jpg,1,46,23,98,cardboard
/home/ringlayer/Desktop/convnet/darknet/datasets/cardboard/imagesframe32.jpg,22,48,71,83,cardboard
/home/ringlayer/Desktop/convnet/darknet/datasets/cardboard/imagesframe32.jpg,5,105,46,128,cardboard
/home/ringlayer/Desktop/convnet/darknet/datasets/cardboard/imagesframe33.jpg,104,25,128,67,cardboard
/home/ringlayer/Desktop/convnet/darknet/datasets/cardboard/imagesframe33.jpg,47,2,84,49,cardboard
/home/ringlayer/Desktop/convnet/darknet/datasets/cardboard/imagesframe33.jpg,47,47,98,72,cardboard
/home/ringlayer/Desktop/convnet/darknet/datasets/cardboard/imagesframe34.jpg,1,6,21,48,cardboard
/home/ringlayer/Desktop/convnet/darknet/datasets/cardboard/imagesframe34.jpg,28,1,83,31,cardboard
/home/ringlayer/Desktop/convnet/darknet/datasets/cardboard/imagesframe34.jpg,43,19,78,65,cardboard
/home/ringlayer/Desktop/convnet/darknet/datasets/cardboard/imagesframe35.jpg,18,27,40,52,cardboard
/home/ringlayer/Desktop/convnet/darknet/datasets/cardboard/imagesframe35.jpg,28,1,52,25,cardboard
/home/ringlayer/Desktop/convnet/darknet/datasets/cardboard/imagesframe35.jpg,54,14,86,41,cardboard
/home/ringlayer/Desktop/convnet/darknet/datasets/cardboard/imagesframe35.jpg,56,36,83,61,cardboard
/home/ringlayer/Desktop/convnet/darknet/datasets/cardboard/imagesframe36.jpg,105,3,128,44,cardboard
/home/ringlayer/Desktop/convnet/darknet/datasets/cardboard/imagesframe36.jpg,47,1,99,28,cardboard
/home/ringlayer/Desktop/convnet/darknet/datasets/cardboard/imagesframe36.jpg,52,19,83,64,cardboard
/home/ringlayer/Desktop/convnet/darknet/datasets/cardboard/imagesframe37.jpg,1,5,23,46,cardboard
/home/ringlayer/Desktop/convnet/darknet/datasets/cardboard/imagesframe37.jpg,29,1,81,23,cardboard
/home/ringlayer/Desktop/convnet/darknet/datasets/cardboard/imagesframe37.jpg,44,22,83,71,cardboard
/home/ringlayer/Desktop/convnet/darknet/datasets/cardboard/imagesframe38.jpg,1,29,29,81,cardboard
/home/ringlayer/Desktop/convnet/darknet/datasets/cardboard/imagesframe38.jpg,19,44,65,77,cardboard
/home/ringlayer/Desktop/convnet/darknet/datasets/cardboard/imagesframe38.jpg,3,1,44,22,cardboard
/home/ringlayer/Desktop/convnet/darknet/datasets/cardboard/imagesframe39.jpg,1,2,23,45,cardboard
/home/ringlayer/Desktop/convnet/darknet/datasets/cardboard/imagesframe39.jpg,29,1,80,27,cardboard
/home/ringlayer/Desktop/convnet/darknet/datasets/cardboard/imagesframe39.jpg,44,19,77,64,cardboard
/home/ringlayer/Desktop/convnet/darknet/datasets/cardboard/imagesframe4.jpg,45,3,71,29,cardboard
/home/ringlayer/Desktop/convnet/darknet/datasets/cardboard/imagesframe4.jpg,81,10,110,39,cardboard
/home/ringlayer/Desktop/convnet/darknet/datasets/cardboard/imagesframe40.jpg,20,3,52,35,cardboard
/home/ringlayer/Desktop/convnet/darknet/datasets/cardboard/imagesframe40.jpg,21,49,47,76,cardboard
/home/ringlayer/Desktop/convnet/darknet/datasets/cardboard/imagesframe40.jpg,55,67,84,96,cardboard
/home/ringlayer/Desktop/convnet/darknet/datasets/cardboard/imagesframe40.jpg,59,7,94,40,cardboard
/home/ringlayer/Desktop/convnet/darknet/datasets/cardboard/imagesframe41.jpg,1,5,22,45,cardboard
/home/ringlayer/Desktop/convnet/darknet/datasets/cardboard/imagesframe41.jpg,29,1,80,29,cardboard
/home/ringlayer/Desktop/convnet/darknet/datasets/cardboard/imagesframe41.jpg,44,18,78,65,cardboard
/home/ringlayer/Desktop/convnet/darknet/datasets/cardboard/imagesframe42.jpg,10,27,92,89,cardboard
/home/ringlayer/Desktop/convnet/darknet/datasets/cardboard/imagesframe42.jpg,66,5,127,108,cardboard
/home/ringlayer/Desktop/convnet/darknet/datasets/cardboard/imagesframe43.jpg,2,44,50,81,cardboard
/home/ringlayer/Desktop/convnet/darknet/datasets/cardboard/imagesframe43.jpg,25,1,68,23,cardboard
/home/ringlayer/Desktop/convnet/darknet/datasets/cardboard/imagesframe43.jpg,49,32,72,80,cardboard
/home/ringlayer/Desktop/convnet/darknet/datasets/cardboard/imagesframe44.jpg,105,4,128,47,cardboard
/home/ringlayer/Desktop/convnet/darknet/datasets/cardboard/imagesframe44.jpg,47,1,95,24,cardboard
/home/ringlayer/Desktop/convnet/darknet/datasets/cardboard/imagesframe44.jpg,48,22,83,70,cardboard
/home/ringlayer/Desktop/convnet/darknet/datasets/cardboard/imagesframe45.jpg,1,5,23,45,cardboard
/home/ringlayer/Desktop/convnet/darknet/datasets/cardboard/imagesframe45.jpg,30,1,80,27,cardboard
/home/ringlayer/Desktop/convnet/darknet/datasets/cardboard/imagesframe45.jpg,44,19,76,63,cardboard
/home/ringlayer/Desktop/convnet/darknet/datasets/cardboard/imagesframe46.jpg,3,1,98,121,cardboard
/home/ringlayer/Desktop/convnet/darknet/datasets/cardboard/imagesframe48.jpg,15,1,47,28,cardboard
/home/ringlayer/Desktop/convnet/darknet/datasets/cardboard/imagesframe48.jpg,26,36,48,62,cardboard
/home/ringlayer/Desktop/convnet/darknet/datasets/cardboard/imagesframe48.jpg,55,10,84,35,cardboard
/home/ringlayer/Desktop/convnet/darknet/datasets/cardboard/imagesframe48.jpg,64,40,89,73,cardboard
/home/ringlayer/Desktop/convnet/darknet/datasets/cardboard/imagesframe49.jpg,36,34,93,113,cardboard
/home/ringlayer/Desktop/convnet/darknet/datasets/cardboard/imagesframe49.jpg,7,1,107,59,cardboard
/home/ringlayer/Desktop/convnet/darknet/datasets/cardboard/imagesframe5.jpg,74,4,117,67,cardboard
/home/ringlayer/Desktop/convnet/darknet/datasets/cardboard/imagesframe5.jpg,81,1,119,15,cardboard
/home/ringlayer/Desktop/convnet/darknet/datasets/cardboard/imagesframe50.jpg,15,8,109,127,cardboard
/home/ringlayer/Desktop/convnet/darknet/datasets/cardboard/imagesframe51.jpg,1,5,23,46,cardboard
/home/ringlayer/Desktop/convnet/darknet/datasets/cardboard/imagesframe51.jpg,28,1,81,30,cardboard
/home/ringlayer/Desktop/convnet/darknet/datasets/cardboard/imagesframe51.jpg,44,19,78,64,cardboard
/home/ringlayer/Desktop/convnet/darknet/datasets/cardboard/imagesframe52.jpg,45,4,73,31,cardboard
/home/ringlayer/Desktop/convnet/darknet/datasets/cardboard/imagesframe53.jpg,17,30,49,59,cardboard
/home/ringlayer/Desktop/convnet/darknet/datasets/cardboard/imagesframe53.jpg,44,48,63,76,cardboard
/home/ringlayer/Desktop/convnet/darknet/datasets/cardboard/imagesframe53.jpg,52,18,81,42,cardboard
/home/ringlayer/Desktop/convnet/darknet/datasets/cardboard/imagesframe53.jpg,55,67,84,96,cardboard
/home/ringlayer/Desktop/convnet/darknet/datasets/cardboard/imagesframe56.jpg,1,5,19,49,cardboard
/home/ringlayer/Desktop/convnet/darknet/datasets/cardboard/imagesframe56.jpg,31,1,85,23,cardboard
/home/ringlayer/Desktop/convnet/darknet/datasets/cardboard/imagesframe56.jpg,44,21,81,72,cardboard
/home/ringlayer/Desktop/convnet/darknet/datasets/cardboard/imagesframe57.jpg,1,3,22,47,cardboard
/home/ringlayer/Desktop/convnet/darknet/datasets/cardboard/imagesframe57.jpg,33,1,81,23,cardboard
/home/ringlayer/Desktop/convnet/darknet/datasets/cardboard/imagesframe57.jpg,44,21,82,72,cardboard
/home/ringlayer/Desktop/convnet/darknet/datasets/cardboard/imagesframe58.jpg,14,1,104,97,cardboard
/home/ringlayer/Desktop/convnet/darknet/datasets/cardboard/imagesframe59.jpg,5,1,128,70,cardboard
/home/ringlayer/Desktop/convnet/darknet/datasets/cardboard/imagesframe6.jpg,21,22,57,69,cardboard
/home/ringlayer/Desktop/convnet/darknet/datasets/cardboard/imagesframe6.jpg,81,38,113,75,cardboard
/home/ringlayer/Desktop/convnet/darknet/datasets/cardboard/imagesframe60.jpg,5,22,127,116,cardboard
/home/ringlayer/Desktop/convnet/darknet/datasets/cardboard/imagesframe61.jpg,12,1,110,43,cardboard
/home/ringlayer/Desktop/convnet/darknet/datasets/cardboard/imagesframe62.jpg,2,1,90,119,cardboard
/home/ringlayer/Desktop/convnet/darknet/datasets/cardboard/imagesframe63.jpg,15,25,51,56,cardboard
/home/ringlayer/Desktop/convnet/darknet/datasets/cardboard/imagesframe64.jpg,8,3,93,124,cardboard
/home/ringlayer/Desktop/convnet/darknet/datasets/cardboard/imagesframe65.jpg,7,1,118,62,cardboard
/home/ringlayer/Desktop/convnet/darknet/datasets/cardboard/imagesframe66.jpg,22,9,109,84,cardboard
/home/ringlayer/Desktop/convnet/darknet/datasets/cardboard/imagesframe67.jpg,5,30,121,99,cardboard
/home/ringlayer/Desktop/convnet/darknet/datasets/cardboard/imagesframe7.jpg,56,66,83,92,cardboard
/home/ringlayer/Desktop/convnet/darknet/datasets/cardboard/imagesframe71.jpg,32,2,105,83,cardboard
/home/ringlayer/Desktop/convnet/darknet/datasets/cardboard/imagesframe72.jpg,1,24,98,62,cardboard
/home/ringlayer/Desktop/convnet/darknet/datasets/cardboard/imagesframe72.jpg,1,1,41,19,cardboard
/home/ringlayer/Desktop/convnet/darknet/datasets/cardboard/imagesframe72.jpg,78,1,125,25,cardboard
/home/ringlayer/Desktop/convnet/darknet/datasets/cardboard/imagesframe73.jpg,3,31,102,120,cardboard
/home/ringlayer/Desktop/convnet/darknet/datasets/cardboard/imagesframe74.jpg,17,8,83,72,cardboard
/home/ringlayer/Desktop/convnet/darknet/datasets/cardboard/imagesframe74.jpg,62,35,119,89,cardboard
/home/ringlayer/Desktop/convnet/darknet/datasets/cardboard/imagesframe75.jpg,11,57,68,108,cardboard
/home/ringlayer/Desktop/convnet/darknet/datasets/cardboard/imagesframe75.jpg,30,19,73,46,cardboard
/home/ringlayer/Desktop/convnet/darknet/datasets/cardboard/imagesframe75.jpg,47,7,79,27,cardboard
/home/ringlayer/Desktop/convnet/darknet/datasets/cardboard/imagesframe75.jpg,48,58,77,84,cardboard
/home/ringlayer/Desktop/convnet/darknet/datasets/cardboard/imagesframe75.jpg,79,6,108,38,cardboard
/home/ringlayer/Desktop/convnet/darknet/datasets/cardboard/imagesframe77.jpg,105,25,119,49,cardboard
/home/ringlayer/Desktop/convnet/darknet/datasets/cardboard/imagesframe77.jpg,50,39,102,83,cardboard
/home/ringlayer/Desktop/convnet/darknet/datasets/cardboard/imagesframe77.jpg,7,2,39,33,cardboard
/home/ringlayer/Desktop/convnet/darknet/datasets/cardboard/imagesframe77.jpg,75,31,114,63,cardboard
/home/ringlayer/Desktop/convnet/darknet/datasets/cardboard/imagesframe78.jpg,6,6,125,98,cardboard
/home/ringlayer/Desktop/convnet/darknet/datasets/cardboard/imagesframe79.jpg,35,31,107,74,cardboard
/home/ringlayer/Desktop/convnet/darknet/datasets/cardboard/imagesframe8.jpg,35,57,70,91,cardboard
/home/ringlayer/Desktop/convnet/darknet/datasets/cardboard/imagesframe8.jpg,43,1,72,28,cardboard
/home/ringlayer/Desktop/convnet/darknet/datasets/cardboard/imagesframe8.jpg,75,60,108,94,cardboard
/home/ringlayer/Desktop/convnet/darknet/datasets/cardboard/imagesframe8.jpg,81,21,107,47,cardboard
/home/ringlayer/Desktop/convnet/darknet/datasets/cardboard/imagesframe80.jpg,1,9,46,26,cardboard
/home/ringlayer/Desktop/convnet/darknet/datasets/cardboard/imagesframe80.jpg,30,18,65,47,cardboard
/home/ringlayer/Desktop/convnet/darknet/datasets/cardboard/imagesframe80.jpg,55,31,81,56,cardboard
/home/ringlayer/Desktop/convnet/darknet/datasets/cardboard/imagesframe80.jpg,94,20,124,50,cardboard
/home/ringlayer/Desktop/convnet/darknet/datasets/cardboard/imagesframe81.jpg,19,9,48,39,cardboard
/home/ringlayer/Desktop/convnet/darknet/datasets/cardboard/imagesframe81.jpg,48,20,82,39,cardboard
/home/ringlayer/Desktop/convnet/darknet/datasets/cardboard/imagesframe81.jpg,55,1,97,28,cardboard
/home/ringlayer/Desktop/convnet/darknet/datasets/cardboard/imagesframe82.jpg,11,5,69,54,cardboard
/home/ringlayer/Desktop/convnet/darknet/datasets/cardboard/imagesframe82.jpg,45,4,75,27,cardboard
/home/ringlayer/Desktop/convnet/darknet/datasets/cardboard/imagesframe83.jpg,71,50,103,97,cardboard
/home/ringlayer/Desktop/convnet/darknet/datasets/cardboard/imagesframe84.jpg,48,7,86,34,cardboard
/home/ringlayer/Desktop/convnet/darknet/datasets/cardboard/imagesframe85.jpg,9,1,101,79,cardboard
/home/ringlayer/Desktop/convnet/darknet/datasets/cardboard/imagesframe87.jpg,27,27,107,97,cardboard
/home/ringlayer/Desktop/convnet/darknet/datasets/cardboard/imagesframe89.jpg,24,11,103,77,cardboard
/home/ringlayer/Desktop/convnet/darknet/datasets/cardboard/imagesframe9.jpg,15,30,106,97,cardboard
/home/ringlayer/Desktop/convnet/darknet/datasets/cardboard/imagesframe90.jpg,8,5,120,123,cardboard
/home/ringlayer/Desktop/convnet/darknet/datasets/cardboard/imagesframe91.jpg,10,8,77,76,cardboard
/home/ringlayer/Desktop/convnet/darknet/datasets/cardboard/imagesframe92.jpg,37,34,78,64,cardboard
/home/ringlayer/Desktop/convnet/darknet/datasets/cardboard/imagesframe92.jpg,52,24,80,44,cardboard
/home/ringlayer/Desktop/convnet/darknet/datasets/cardboard/imagesframe93.jpg,41,12,88,69,cardboard
/home/ringlayer/Desktop/convnet/darknet/datasets/cardboard/imagesframe94.jpg,16,30,81,104,cardboard
/home/ringlayer/Desktop/convnet/darknet/datasets/cardboard/imagesframe95.jpg,46,28,113,70,cardboard
/home/ringlayer/Desktop/convnet/darknet/datasets/cardboard/imagesframe99.jpg,2,20,126,114,cardboard
