<annotation>
	<folder>images</folder>
	<filename>frame211.jpg</filename>
	<path>/home/ringlayer/Desktop/convnet/keras-retinanet/datasets/small/images/frame211.jpg</path>
	<source>
		<database>Unknown</database>
	</source>
	<size>
		<width>73</width>
		<height>128</height>
		<depth>3</depth>
	</size>
	<segmented>0</segmented>
	<object>
		<name>cardboard</name>
		<pose>Unspecified</pose>
		<truncated>1</truncated>
		<difficult>0</difficult>
		<bndbox>
			<xmin>11</xmin>
			<ymin>10</ymin>
			<xmax>73</xmax>
			<ymax>118</ymax>
		</bndbox>
	</object>
</annotation>
