<annotation>
	<folder>images</folder>
	<filename>frame272.jpg</filename>
	<path>/home/ringlayer/Desktop/convnet/keras-retinanet/datasets/small/images/frame272.jpg</path>
	<source>
		<database>Unknown</database>
	</source>
	<size>
		<width>78</width>
		<height>128</height>
		<depth>3</depth>
	</size>
	<segmented>0</segmented>
	<object>
		<name>cardboard</name>
		<pose>Unspecified</pose>
		<truncated>0</truncated>
		<difficult>0</difficult>
		<bndbox>
			<xmin>36</xmin>
			<ymin>9</ymin>
			<xmax>61</xmax>
			<ymax>28</ymax>
		</bndbox>
	</object>
	<object>
		<name>cardboard</name>
		<pose>Unspecified</pose>
		<truncated>0</truncated>
		<difficult>0</difficult>
		<bndbox>
			<xmin>8</xmin>
			<ymin>78</ymin>
			<xmax>49</xmax>
			<ymax>118</ymax>
		</bndbox>
	</object>
	<object>
		<name>cardboard</name>
		<pose>Unspecified</pose>
		<truncated>1</truncated>
		<difficult>0</difficult>
		<bndbox>
			<xmin>36</xmin>
			<ymin>94</ymin>
			<xmax>72</xmax>
			<ymax>128</ymax>
		</bndbox>
	</object>
</annotation>
