<annotation>
	<folder>images</folder>
	<filename>frame182.jpg</filename>
	<path>/home/ringlayer/Desktop/convnet/keras-retinanet/datasets/small/images/frame182.jpg</path>
	<source>
		<database>Unknown</database>
	</source>
	<size>
		<width>96</width>
		<height>128</height>
		<depth>3</depth>
	</size>
	<segmented>0</segmented>
	<object>
		<name>cardboard</name>
		<pose>Unspecified</pose>
		<truncated>0</truncated>
		<difficult>0</difficult>
		<bndbox>
			<xmin>9</xmin>
			<ymin>14</ymin>
			<xmax>89</xmax>
			<ymax>102</ymax>
		</bndbox>
	</object>
</annotation>
