<annotation>
	<folder>images</folder>
	<filename>frame30.jpg</filename>
	<path>/home/ringlayer/Desktop/convnet/keras-retinanet/datasets/small/images/frame30.jpg</path>
	<source>
		<database>Unknown</database>
	</source>
	<size>
		<width>128</width>
		<height>72</height>
		<depth>3</depth>
	</size>
	<segmented>0</segmented>
	<object>
		<name>cardboard</name>
		<pose>Unspecified</pose>
		<truncated>1</truncated>
		<difficult>0</difficult>
		<bndbox>
			<xmin>45</xmin>
			<ymin>1</ymin>
			<xmax>82</xmax>
			<ymax>50</ymax>
		</bndbox>
	</object>
	<object>
		<name>cardboard</name>
		<pose>Unspecified</pose>
		<truncated>1</truncated>
		<difficult>0</difficult>
		<bndbox>
			<xmin>32</xmin>
			<ymin>49</ymin>
			<xmax>80</xmax>
			<ymax>72</ymax>
		</bndbox>
	</object>
	<object>
		<name>cardboard</name>
		<pose>Unspecified</pose>
		<truncated>1</truncated>
		<difficult>0</difficult>
		<bndbox>
			<xmin>1</xmin>
			<ymin>25</ymin>
			<xmax>23</xmax>
			<ymax>68</ymax>
		</bndbox>
	</object>
</annotation>
