<annotation>
	<folder>images</folder>
	<filename>frame13.jpg</filename>
	<path>/home/ringlayer/Desktop/convnet/keras-retinanet/datasets/small/images/frame13.jpg</path>
	<source>
		<database>Unknown</database>
	</source>
	<size>
		<width>127</width>
		<height>128</height>
		<depth>3</depth>
	</size>
	<segmented>0</segmented>
	<object>
		<name>cardboard</name>
		<pose>Unspecified</pose>
		<truncated>0</truncated>
		<difficult>0</difficult>
		<bndbox>
			<xmin>26</xmin>
			<ymin>28</ymin>
			<xmax>112</xmax>
			<ymax>89</ymax>
		</bndbox>
	</object>
	<object>
		<name>cardboard</name>
		<pose>Unspecified</pose>
		<truncated>1</truncated>
		<difficult>0</difficult>
		<bndbox>
			<xmin>1</xmin>
			<ymin>20</ymin>
			<xmax>42</xmax>
			<ymax>109</ymax>
		</bndbox>
	</object>
</annotation>
