<annotation>
	<folder>images</folder>
	<filename>frame246.jpg</filename>
	<path>/home/ringlayer/Desktop/convnet/keras-retinanet/datasets/small/images/frame246.jpg</path>
	<source>
		<database>Unknown</database>
	</source>
	<size>
		<width>103</width>
		<height>128</height>
		<depth>3</depth>
	</size>
	<segmented>0</segmented>
	<object>
		<name>cardboard</name>
		<pose>Unspecified</pose>
		<truncated>1</truncated>
		<difficult>0</difficult>
		<bndbox>
			<xmin>2</xmin>
			<ymin>1</ymin>
			<xmax>100</xmax>
			<ymax>127</ymax>
		</bndbox>
	</object>
</annotation>
