<annotation>
	<folder>images</folder>
	<filename>frame47.jpg</filename>
	<path>/home/ringlayer/Desktop/convnet/keras-retinanet/datasets/small/images/frame47.jpg</path>
	<source>
		<database>Unknown</database>
	</source>
	<size>
		<width>128</width>
		<height>72</height>
		<depth>3</depth>
	</size>
	<segmented>0</segmented>
	<object>
		<name>cardboard</name>
		<pose>Unspecified</pose>
		<truncated>0</truncated>
		<difficult>0</difficult>
		<bndbox>
			<xmin>43</xmin>
			<ymin>22</ymin>
			<xmax>82</xmax>
			<ymax>71</ymax>
		</bndbox>
	</object>
	<object>
		<name>cardboard</name>
		<pose>Unspecified</pose>
		<truncated>1</truncated>
		<difficult>0</difficult>
		<bndbox>
			<xmin>30</xmin>
			<ymin>1</ymin>
			<xmax>86</xmax>
			<ymax>28</ymax>
		</bndbox>
	</object>
	<object>
		<name>cardboard</name>
		<pose>Unspecified</pose>
		<truncated>1</truncated>
		<difficult>0</difficult>
		<bndbox>
			<xmin>1</xmin>
			<ymin>4</ymin>
			<xmax>18</xmax>
			<ymax>50</ymax>
		</bndbox>
	</object>
</annotation>
