<annotation>
	<folder>images</folder>
	<filename>frame206.jpg</filename>
	<path>/home/ringlayer/Desktop/convnet/keras-retinanet/datasets/small/images/frame206.jpg</path>
	<source>
		<database>Unknown</database>
	</source>
	<size>
		<width>124</width>
		<height>128</height>
		<depth>3</depth>
	</size>
	<segmented>0</segmented>
	<object>
		<name>cardboard</name>
		<pose>Unspecified</pose>
		<truncated>0</truncated>
		<difficult>0</difficult>
		<bndbox>
			<xmin>33</xmin>
			<ymin>43</ymin>
			<xmax>111</xmax>
			<ymax>98</ymax>
		</bndbox>
	</object>
	<object>
		<name>cardboard</name>
		<pose>Unspecified</pose>
		<truncated>1</truncated>
		<difficult>0</difficult>
		<bndbox>
			<xmin>1</xmin>
			<ymin>35</ymin>
			<xmax>47</xmax>
			<ymax>125</ymax>
		</bndbox>
	</object>
</annotation>
