<annotation>
	<folder>images</folder>
	<filename>frame17.jpg</filename>
	<path>/home/ringlayer/Desktop/convnet/keras-retinanet/datasets/small/images/frame17.jpg</path>
	<source>
		<database>Unknown</database>
	</source>
	<size>
		<width>67</width>
		<height>128</height>
		<depth>3</depth>
	</size>
	<segmented>0</segmented>
	<object>
		<name>cardboard</name>
		<pose>Unspecified</pose>
		<truncated>1</truncated>
		<difficult>0</difficult>
		<bndbox>
			<xmin>14</xmin>
			<ymin>9</ymin>
			<xmax>67</xmax>
			<ymax>104</ymax>
		</bndbox>
	</object>
</annotation>
