<annotation>
	<folder>images</folder>
	<filename>frame3.jpg</filename>
	<path>/home/ringlayer/Desktop/convnet/keras-retinanet/datasets/small/images/frame3.jpg</path>
	<source>
		<database>Unknown</database>
	</source>
	<size>
		<width>121</width>
		<height>128</height>
		<depth>3</depth>
	</size>
	<segmented>0</segmented>
	<object>
		<name>cardboard</name>
		<pose>Unspecified</pose>
		<truncated>0</truncated>
		<difficult>0</difficult>
		<bndbox>
			<xmin>10</xmin>
			<ymin>30</ymin>
			<xmax>108</xmax>
			<ymax>99</ymax>
		</bndbox>
	</object>
</annotation>
