<annotation>
	<folder>images</folder>
	<filename>frame267.jpg</filename>
	<path>/home/ringlayer/Desktop/convnet/keras-retinanet/datasets/small/images/frame267.jpg</path>
	<source>
		<database>Unknown</database>
	</source>
	<size>
		<width>110</width>
		<height>128</height>
		<depth>3</depth>
	</size>
	<segmented>0</segmented>
	<object>
		<name>cardboard</name>
		<pose>Unspecified</pose>
		<truncated>0</truncated>
		<difficult>0</difficult>
		<bndbox>
			<xmin>35</xmin>
			<ymin>25</ymin>
			<xmax>97</xmax>
			<ymax>103</ymax>
		</bndbox>
	</object>
	<object>
		<name>cardboard</name>
		<pose>Unspecified</pose>
		<truncated>0</truncated>
		<difficult>0</difficult>
		<bndbox>
			<xmin>9</xmin>
			<ymin>2</ymin>
			<xmax>56</xmax>
			<ymax>63</ymax>
		</bndbox>
	</object>
</annotation>
